Movie Name,Genre,Ratings,Voting Counts,Duration
Project Hail Mary,"Adventure,Comedy,Sci-Fi",8.2,548402,156
The Odyssey,"Action,Adventure,Fantasy",8.4,497609,172
Spider-Man: Brand New Day,"Action,Adventure,Sci-Fi",8.0,301925,145
Backrooms,"Horror,Sci-Fi,Thriller",6.8,200033,126
Michael,"Biography,Drama,History",7.4,187478,127
Disclosure Day,"Action,Mystery,Sci-Fi",6.4,155563,145
Send Help,"Adventure,Horror,Thriller",6.7,154846,113
The Rip,"Action,Crime,Drama",6.8,146753,113
The Drama,"Comedy,Drama,Romance",7.1,128048,105
28 Years Later: The Bone Temple,"Horror,Sci-Fi,Thriller",7.2,127051,109
Masters of the Universe,"Action,Adventure,Fantasy",6.4,122084,140
War Machine,"Action,Sci-Fi,Thriller",6.3,118802,106
The Devil Wears Prada 2,"Comedy,Drama",6.3,114351,119
The Sheep Detectives,"Comedy,Family,Mystery",7.4,113605,109
Apex,"Action,Thriller",6.1,109698,95
Star Wars: The Mandalorian and Grogu,"Action,Adventure,Family",6.8,109484,132
Punjab '95,"Biography,Crime,Drama",8.8,106624,169
Supergirl,"Action,Adventure,Sci-Fi",5.8,100164,108
Crime 101,"Crime,Drama,Thriller",6.8,96124,140
Wuthering Heights,"Drama,Romance",6.1,92025,136
Peaky Blinders: The Immortal Man,"Crime,Drama,History",6.5,90001,112
Mortal Kombat II,"Action,Adventure,Fantasy",6.3,89719,116
Hoppers,"Adventure,Animation,Comedy",7.2,85540,104
Mercy,"Action,Crime,Drama",6.2,82131,99
Toy Story 5,"Adventure,Animation,Comedy",7.4,81584,102
Ready or Not 2: Here I Come,"Comedy,Horror,Thriller",6.5,74910,108
The Super Mario Galaxy Movie,"Adventure,Animation,Comedy",6.3,74690,98
Dhurandhar: The Revenge,"Action,Crime,Thriller",8.2,72290,235
Lee Cronin's The Mummy,Horror,6.1,72052,134
Melania,Documentary,1.6,69568,104
The Invite,"Comedy,Drama,Romance",7.5,69400,107
Scream 7,"Horror,Mystery,Thriller",5.5,67088,114
Hokum,"Horror,Thriller",6.7,63013,107
The Last House,"Action,Horror,Mystery",5.5,58454,112
Scary Movie,"Comedy,Horror",4.8,56998,95
The Wrecking Crew,"Action,Comedy,Crime",6.4,54764,124
Voicemails for Isabelle,"Comedy,Drama,Romance",7.3,53552,118
People We Meet on Vacation,"Comedy,Romance",6.6,53542,117
They Will Kill You,"Action,Comedy,Horror",6.3,51992,94
Remarkably Bright Creatures,"Comedy,Drama",7.6,50824,111
The Whisper Man,"Crime,Drama,Thriller",6.2,50807,111
The End of Oak Street,"Action,Adventure,Mystery",6.4,48889,99
Greenland 2: Migration,"Action,Adventure,Sci-Fi",5.2,48660,98
Shelter,"Action,Thriller",6.1,48288,107
Evil Dead Burn,Horror,6.3,46643,110
In the Grey,"Action,Crime,Thriller",6.3,44902,98
How to Make a Killing,"Comedy,Drama,Thriller",6.5,43552,105
Dhamaal 4,"Action,Adventure,Comedy",6.9,38532,143
The Bride!,"Drama,Horror,Romance",5.6,38207,126
Citizen Vigilante,"Action,Crime,Thriller",5.8,37803,89
Ladies First,Comedy,5.8,37001,90
Over Your Dead Body,"Action,Comedy,Thriller",6.3,34723,105
Thrash,"Horror,Thriller",5.0,33554,86
Tom Clancy's Jack Ryan: Ghost War,"Action,Drama,Thriller",5.7,33269,105
Minions & Monsters,"Adventure,Animation,Comedy",6.3,32281,90
Iron Lung,"Horror,Sci-Fi",5.8,32178,125
GOAT,"Action,Animation,Comedy",6.6,31561,100
Enola Holmes 3,"Action,Adventure,Comedy",5.7,31383,105
Mayday,"Action,Adventure,Comedy",6.8,31348,110
Cocktail 2,"Comedy,Drama,Romance",6.5,30729,150
Pressure,"Drama,History,Thriller",7.3,30179,100
Cold Storage,"Comedy,Horror,Sci-Fi",6.0,29431,99
Toxic,"Action,Crime,Drama",4.0,28249,192
Alpha,"Action,Adventure,Thriller",3.6,27484,141
Avatar Aang: The Last Airbender,"Action,Adventure,Animation",7.7,27283,99
Ikkis,"Action,Biography,Drama",6.1,26876,144
Mike & Nick & Nick & Alice,"Action,Comedy,Crime",6.2,26318,107
Coyote vs. Acme,"Adventure,Animation,Comedy",7.5,26256,103
Return to Silent Hill,"Drama,Horror,Mystery",4.0,25500,106
Swapped,"Adventure,Animation,Comedy",7.2,24672,98
Bhooth Bangla,"Comedy,Fantasy,Horror",5.0,24274,173
O' Romeo,"Action,Crime,Drama",5.2,24142,178
Office Romance,"Comedy,Romance",5.8,24104,114
Raja Shivaji,"Action,Biography,Drama",6.7,23735,195
Welcome to the Jungle,"Action,Adventure,Comedy",3.9,23407,165
72 Hours,Comedy,5.4,22417,105
Passenger,"Horror,Thriller",5.5,22149,97
Border 2,"Action,Drama,War",5.8,21370,200
Shatak,"Drama,History",3.4,20389,112
Mutiny,"Action,Crime,Thriller",5.7,20278,95
The Bluff,"Action,Adventure,Drama",5.8,19733,103
The Death of Robin Hood,"Action,Adventure,Drama",6.0,19446,122
The Runner,"Action,Thriller",4.1,19079,85
Louis Theroux: Inside the Manosphere,Documentary,6.9,18011,91
Blast,"Action,Drama",7.3,17391,142
Leviticus,"Horror,Romance,Sci-Fi",6.4,17353,88
BLEACH: Thousand-Year Blood War - The Calamity,"Animation,Fantasy",9.0,17061,80
Ohh My Dog,"Drama,Family,Mystery",8.1,16976,141
Moana,"Action,Adventure,Comedy",5.8,16935,115
The Dog Stars,"Action,Sci-Fi,Thriller",6.5,16102,118
The Devil's Mouth,"Horror,Thriller",4.7,16050,106
Pretty Lethal,"Action,Horror,Thriller",5.8,16030,88
Balls Up,"Action,Comedy,Crime",4.7,15698,104
Colony,"Action,Adventure,Crime",6.5,15688,123
Solo Mio,"Comedy,Romance",6.6,15276,96
Insidious: Out of the Further,"Horror,Mystery,Thriller",6.2,15192,106
Little Brother,Comedy,5.5,15039,102
Jockey,"Action,Adventure,Drama",7.7,14739,147
Subedaar,"Action,Drama",6.0,13909,145
The Crash,"Crime,Documentary",6.5,13889,92
Young Washington,"Action,Adventure,Biography",6.9,13596,121
Hotspot 2 Much,Comedy,5.0,13587,120
Main Vaapas Aaunga,"Comedy,Drama,History",8.0,13311,167
Aakhri Sawal,"Drama,History,Thriller",5.6,13187,150
Hai Jawani Toh Ishq Hona Hai,"Comedy,Drama,Romance",4.0,12988,136
Maternal Instinct,"Crime,Documentary",7.2,12718,94
Uttar Da Puttar,"Comedy,Drama",8.1,12665,103
Reminders of Him,"Drama,Romance",6.3,12631,114
Jackass: Best and Last,"Comedy,Documentary",6.2,12534,92
Awarapan 2,"Action,Drama,Romance",6.4,12526,140
Outcome,"Comedy,Crime,Drama",4.5,12251,83
Deep Water,"Action,Drama,Horror",5.4,12212,106
The Raja Saab,"Action,Comedy,Fantasy",3.1,12109,190
Karuppu,"Action,Comedy,Drama",6.1,11572,150
Pizza Movie,Comedy,5.9,11346,97
Mardaani 3,"Action,Crime,Drama",6.0,11171,129
One Night Only,"Comedy,Romance",6.1,11138,102
The Dink,"Comedy,Romance,Sport",6.1,11064,102
Faces of Death,Horror,5.8,10659,97
Dulhaniya Le Aaeegi,Comedy,7.6,10590,127
Mother Mary,"Drama,Music,Thriller",5.4,10538,111
Dacoit: A Love Story,"Action,Drama,Romance",7.4,10252,149
Teenage Sex and Death at Camp Miasma,"Comedy,Horror,Romance",7.2,10040,112
Roommates,Comedy,5.7,9916,107
Hanuman Ansh,"Biography,Drama",8.8,9874,150
Johnny Jumper,"Drama,Thriller",5.8,9809,104
Tony,"Biography,Comedy,Drama",7.5,9556,106
Peddi,"Action,Drama,Romance",5.2,9291,182
Pati Patni Aur Woh Do,"Comedy,Drama,Romance",5.7,9082,117
Youth,"Comedy,Family,Romance",7.0,8993,140
Gandhari,"Action,Drama,Thriller",5.1,8951,116
Cheekatilo,"Crime,Drama,Thriller",5.5,8898,126
I Love Boosters,"Adventure,Comedy,Crime",6.6,8729,113
Heartstopper Forever,"Drama,Romance",6.9,8532,114
Mandaadi,"Action,Drama,Sport",9.3,8481,154
Parasakthi,"Action,Drama,History",6.4,8464,161
The Strangers: Chapter 3,Horror,4.2,8462,91
Don't Say Good Luck,"Drama,Musical",6.8,8235,95
Power Ballad,"Comedy,Drama,Music",6.7,8085,98
Khalifa,"Action,Crime,Drama",6.7,8027,159
Bharat Bhhagya Viddhaata,"Drama,Thriller",6.4,8001,125
Sambhavam Adhyayam Onnu,Thriller,7.3,7910,129
In the Blink of an Eye,"Drama,Sci-Fi",6.1,7812,94
Facing El Chapo,"Action,Crime,Thriller",6.7,7777,91
Maa Inti Bangaram,"Action,Drama,Family",7.3,7671,154
Chand Mera Dil,"Drama,Music,Romance",6.2,7579,135
DC,"Action,Crime,Drama",7.9,7533,141
The Kerala Story 2 Goes Beyond,"Drama,Thriller",5.8,7502,131
Tom & Cherry,"Comedy,Drama,Family",9.0,7474,126
Vaazha II: Biopic of a Billion Bros,"Comedy,Drama",8.0,7460,160
Tu Yaa Main,"Action,Drama,Horror",6.1,7425,143
Batman: Knightfall - Part 1: Knightfall,"Action,Adventure,Animation",7.8,7306,78
Soulm8te,"Horror,Sci-Fi,Thriller",5.8,7203,99
Psycho Killer,"Crime,Drama,Horror",4.7,7203,91
Is God Is,"Drama,Mystery,Thriller",6.5,7188,100
Leader,"Action,Crime,Drama",7.5,7176,136
Rao Bahadur,"Drama,Horror,Mystery",8.4,7145,145
Forbidden Fruits,"Comedy,Horror",5.2,7065,103
Masthishka Maranam,"Comedy,Sci-Fi,Thriller",6.3,7041,147
Buddy,"Fantasy,Horror,Thriller",7.1,6971,96
With Love,"Comedy,Drama,Romance",7.6,6925,141
Bhootam Bhayyam,"Comedy,Horror",5.1,6877,163
Hope,"Action,Drama,Horror",6.9,6622,160
Kidnapped: Elizabeth Smart,"Crime,Documentary",6.7,6574,91
Kraken,"Action,Drama,Fantasy",4.9,6473,100
29,"Comedy,Drama,Romance",7.7,6424,150
Resident Evil,"Action,Horror,Sci-Fi",7.8,6384,90
I Want Your Sex,"Comedy,Romance",5.9,6319,90
Jana Nayagan,"Action,Drama,Thriller",5.2,6310,183
Bethlehem Kudumba Unit,"Comedy,Drama,Romance",8.3,6306,157
Practical Magic 2,"Comedy,Fantasy,Romance",6.4,6286,130
The Amazing Digital Circus: The Last Act,"Adventure,Animation,Comedy",7.5,6280,95
Ram and Leela,"Comedy,Romance",6.1,6213,141
Kara,"Action,Crime,Drama",6.7,6194,159
Vishwanath and Sons,"Drama,Family,Romance",7.3,6117,161
Secret of Kalinga,"Comedy,Fantasy,Horror",4.8,6115,120
Do Deewane Seher Mein,"Drama,Romance",6.1,6101,138
"Love Me, Love Me","Drama,Romance",4.3,6067,99
Landlord,"Action,Drama,Family",4.3,6013,156
Idhayam Murali,"Comedy,Drama,Romance",7.1,6005,150
Nagabandham - The Secret Treasure,"Action,Adventure,Drama",6.5,5907,185
The Moment,"Comedy,Drama,Thriller",6.1,5902,103
Mirzapur: The Movie,"Action,Crime,Drama",7.8,5876,195
Killer Whale,"Action,Horror,Thriller",3.7,5867,89
The Magic Faraway Tree,"Adventure,Family,Fantasy",6.2,5849,110
"You, Me & Tuscany","Comedy,Romance",5.9,5841,105
Daadi Ki Shaadi,"Comedy,Drama,Family",5.7,5839,155
Mission C1000,Action,9.3,5801,128
Balan: The Boy,"Drama,Mystery,Thriller",8.0,5791,150
The Secret Woman,Drama,6.0,5624,118
The Last Sunrise,"Drama,Romance",5.6,5604,106
Dridam,"Crime,Drama,Thriller",7.0,5523,128
Finding Emily,"Comedy,Romance",6.9,5499,110
Drishyam 3,"Crime,Drama,Family",6.6,5454,157
Ginny Wedss Sunny 2,"Comedy,Drama,Family",4.5,5416,134
The Swedish Connection,"Biography,Drama,History",6.9,5398,102
Do Not Enter,Horror,4.3,5398,91
Mollywood Times,"Comedy,Drama",7.2,5387,150
Your Fault: London,"Drama,Romance",6.0,5356,123
Assi,"Crime,Drama,Thriller",6.7,5267,134
